arch_name	nix_attr	mapping_kind
bazaar-git	bazaar	strip-variant-suffix
brave-bin	brave	strip-variant-suffix
bulk-extractor	bulk_extractor	hyphen-to-underscore
cloudflare-warp-bin	cloudflare-warp	strip-variant-suffix
ctypes-sh	ctypes_sh	hyphen-to-underscore
docbook-xsl	docbook_xsl	hyphen-to-underscore
firefox-decrypt	firefox_decrypt	hyphen-to-underscore
hash-extender	hash_extender	hyphen-to-underscore
kontainer-git	kontainer	strip-variant-suffix
linux-zen	linux_zen	hyphen-to-underscore
m17n-db	m17n_db	hyphen-to-underscore
m17n-lib	m17n_lib	hyphen-to-underscore
postman-bin	postman	strip-variant-suffix
python-adblock	python3Packages.adblock	python3-package
python-appdirs	python3Packages.appdirs	python3-package
python-attrs	python3Packages.attrs	python3-package
python-autocommand	python3Packages.autocommand	python3-package
python-automat	python3Packages.automat	python3-package
python-babel	python3Packages.babel	python3-package
python-bcrypt	python3Packages.bcrypt	python3-package
python-beautifulsoup4	python3Packages.beautifulsoup4	python3-package
python-cachecontrol	python3Packages.cachecontrol	python3-package
python-certifi	python3Packages.certifi	python3-package
python-cffi	python3Packages.cffi	python3-package
python-chardet	python3Packages.chardet	python3-package
python-charset-normalizer	python3Packages.charset-normalizer	python3-package
python-click	python3Packages.click	python3-package
python-colorama	python3Packages.colorama	python3-package
python-configobj	python3Packages.configobj	python3-package
python-constantly	python3Packages.constantly	python3-package
python-contourpy	python3Packages.contourpy	python3-package
python-cryptography	python3Packages.cryptography	python3-package
python-cssselect	python3Packages.cssselect	python3-package
python-cycler	python3Packages.cycler	python3-package
python-cymruwhois	python3Packages.cymruwhois	python3-package
python-distro	python3Packages.distro	python3-package
python-docutils	python3Packages.docutils	python3-package
python-filelock	python3Packages.filelock	python3-package
python-fonttools	python3Packages.fonttools	python3-package
python-geoip	python3Packages.geoip	python3-package
python-gpgme	python3Packages.gpgme	python3-package
python-greenlet	python3Packages.greenlet	python3-package
python-grpcio	python3Packages.grpcio	python3-package
python-grpcio-tools	python3Packages.grpcio-tools	python3-package
python-h11	python3Packages.h11	python3-package
python-httplib2	python3Packages.httplib2	python3-package
python-hyperlink	python3Packages.hyperlink	python3-package
python-idna	python3Packages.idna	python3-package
python-ifaddr	python3Packages.ifaddr	python3-package
python-imagesize	python3Packages.imagesize	python3-package
python-importlib-metadata	python3Packages.importlib-metadata	python3-package
python-incremental	python3Packages.incremental	python3-package
python-invoke	python3Packages.invoke	python3-package
python-isodate	python3Packages.isodate	python3-package
python-kiwisolver	python3Packages.kiwisolver	python3-package
python-lief	python3Packages.lief	python3-package
python-lockfile	python3Packages.lockfile	python3-package
python-lxml	python3Packages.lxml	python3-package
python-mako	python3Packages.mako	python3-package
python-markdown	python3Packages.markdown	python3-package
python-markupsafe	python3Packages.markupsafe	python3-package
python-matplotlib	python3Packages.matplotlib	python3-package
python-more-itertools	python3Packages.more-itertools	python3-package
python-msgpack	python3Packages.msgpack	python3-package
python-netifaces	python3Packages.netifaces	python3-package
python-numpy	python3Packages.numpy	python3-package
python-outcome	python3Packages.outcome	python3-package
python-paramiko	python3Packages.paramiko	python3-package
python-pcodedmp	python3Packages.pcodedmp	python3-package
python-pillow	python3Packages.pillow	python3-package
python-pip	python3Packages.pip	python3-package
python-pivy	python3Packages.pivy	python3-package
python-platformdirs	python3Packages.platformdirs	python3-package
python-ply	python3Packages.ply	python3-package
python-protobuf	python3Packages.protobuf	python3-package
python-puremagic	python3Packages.puremagic	python3-package
python-pyaml	python3Packages.pyaml	python3-package
python-pyasn1	python3Packages.pyasn1	python3-package
python-pyasn1-modules	python3Packages.pyasn1-modules	python3-package
python-pycountry	python3Packages.pycountry	python3-package
python-pycparser	python3Packages.pycparser	python3-package
python-pycryptodome	python3Packages.pycryptodome	python3-package
python-pycryptodomex	python3Packages.pycryptodomex	python3-package
python-pycurl	python3Packages.pycurl	python3-package
python-pygments	python3Packages.pygments	python3-package
python-pyinotify	python3Packages.pyinotify	python3-package
python-pynacl	python3Packages.pynacl	python3-package
python-pyopenssl	python3Packages.pyopenssl	python3-package
python-pyparsing	python3Packages.pyparsing	python3-package
python-pypdf	python3Packages.pypdf	python3-package
python-pyqt5	python3Packages.pyqt5	python3-package
python-pyqt5-sip	python3Packages.pyqt5-sip	python3-package
python-pyqt6-webengine	python3Packages.pyqt6-webengine	python3-package
python-pyserial	python3Packages.pyserial	python3-package
python-pysocks	python3Packages.pysocks	python3-package
python-pytz	python3Packages.pytz	python3-package
python-qrcode	python3Packages.qrcode	python3-package
python-rencode	python3Packages.rencode	python3-package
python-requests	python3Packages.requests	python3-package
python-resolvelib	python3Packages.resolvelib	python3-package
python-roman-numerals-py	python3Packages.roman-numerals-py	python3-package
python-service-identity	python3Packages.service-identity	python3-package
python-setproctitle	python3Packages.setproctitle	python3-package
python-setuptools	python3Packages.setuptools	python3-package
python-simplejson	python3Packages.simplejson	python3-package
python-six	python3Packages.six	python3-package
python-sniffio	python3Packages.sniffio	python3-package
python-snowballstemmer	python3Packages.snowballstemmer	python3-package
python-sortedcontainers	python3Packages.sortedcontainers	python3-package
python-soupsieve	python3Packages.soupsieve	python3-package
python-sphinx	python3Packages.sphinx	python3-package
python-sphinxcontrib-applehelp	python3Packages.sphinxcontrib-applehelp	python3-package
python-sphinxcontrib-devhelp	python3Packages.sphinxcontrib-devhelp	python3-package
python-sphinxcontrib-htmlhelp	python3Packages.sphinxcontrib-htmlhelp	python3-package
python-sphinxcontrib-jsmath	python3Packages.sphinxcontrib-jsmath	python3-package
python-sphinxcontrib-qthelp	python3Packages.sphinxcontrib-qthelp	python3-package
python-sphinxcontrib-serializinghtml	python3Packages.sphinxcontrib-serializinghtml	python3-package
python-sqlalchemy	python3Packages.sqlalchemy	python3-package
python-tinycss2	python3Packages.tinycss2	python3-package
python-tqdm	python3Packages.tqdm	python3-package
python-trio	python3Packages.trio	python3-package
python-trio-websocket	python3Packages.trio-websocket	python3-package
python-twisted	python3Packages.twisted	python3-package
python-uncompyle6	python3Packages.uncompyle6	python3-package
python-unidecode	python3Packages.unidecode	python3-package
python-urllib3	python3Packages.urllib3	python3-package
python-wapiti-arsenic	python3Packages.wapiti-arsenic	python3-package
python-webencodings	python3Packages.webencodings	python3-package
python-websocket-client	python3Packages.websocket-client	python3-package
python-wheel	python3Packages.wheel	python3-package
python-wsproto	python3Packages.wsproto	python3-package
python-wxpython	python3Packages.wxpython	python3-package
python-zeroconf	python3Packages.zeroconf	python3-package
python-zipp	python3Packages.zipp	python3-package
python-zope-interface	python3Packages.zope-interface	python3-package
python-zstandard	python3Packages.zstandard	python3-package
rtl-433	rtl_433	hyphen-to-underscore
rtl-wmbus	rtl_wmbus	hyphen-to-underscore
ruby-base64	rubyPackages.base64	ruby-package
ruby-erb	rubyPackages.erb	ruby-package
ruby-ffi	rubyPackages.ffi	ruby-package
ruby-locale	rubyPackages.locale	ruby-package
ruby-multi_json	rubyPackages.multi_json	ruby-package
ruby-racc	rubyPackages.racc	ruby-package
ruby-thor	rubyPackages.thor	ruby-package
terminus-font	terminus_font	hyphen-to-underscore
wqy-zenhei	wqy_zenhei	hyphen-to-underscore
